Steps,Policy/Entropy,Environment/Lesson,Environment/Episode Length,Policy/Extrinsic Value Estimate,Environment/Cumulative Reward,Policy/Extrinsic Reward,Is Training
10000,1.4189382,0.0,26.07936507936508,-0.23728928,-1.1302640026907127,-1.1302640026907127,1.0
20000,1.4189383,0.0,40.97435897435897,-0.25244364,-1.2127692360017035,-1.2127692360017035,1.0
30000,1.4103091,0.0,50.828125,-0.4335477,-0.2092835009866154,-0.2092835009866154,1.0
40000,1.4088179,0.0,75.34042553191489,-0.3768131,0.10233575404778014,0.10233575404778014,1.0
50000,1.4072328,0.0,85.94444444444444,-0.21313074,2.131181804395535,2.131181804395535,1.0
60000,1.4071198,0.0,105.35483870967742,-0.23713405,2.9355684613710955,2.9355684613710955,1.0
70000,1.4092789,0.0,69.85106382978724,-0.058250263,3.340207113059504,3.340207113059504,1.0
80000,1.4099846,0.0,79.88095238095238,-0.085554324,3.0336000685691835,3.0336000685691835,1.0
90000,1.4089772,0.0,74.81395348837209,0.11830343,4.004274826013405,4.004274826013405,1.0
100000,1.4083521,1.0,45.611111111111114,0.06470118,4.2244884249949175,4.2244884249949175,1.0
110000,1.4109131,2.0,40.45679012345679,0.28173444,4.721425686185517,4.721425686185517,1.0
120000,1.4121246,3.0,38.95180722891566,0.3367702,4.441468029618263,4.441468029618263,1.0
130000,1.4135265,5.0,35.84444444444444,0.5152844,4.48327777609574,4.48327777609574,1.0
140000,1.4151947,6.0,38.61176470588235,0.6738756,4.804921274110089,4.804921274110089,1.0
150000,1.4176165,7.0,45.76712328767123,0.6948262,1.715361134873496,1.715361134873496,1.0
160000,1.4214954,7.0,54.55172413793103,0.9564817,0.007474573318567653,0.007474573318567653,1.0
170000,1.4212472,7.0,61.56603773584906,0.8680505,-0.9353850720832066,-0.9353850720832066,1.0
180000,1.4207541,7.0,53.12903225806452,0.74225223,0.18176215939425133,0.18176215939425133,1.0
190000,1.4193776,7.0,55.728813559322035,0.84483165,-0.1629943605196678,-0.1629943605196678,1.0
200000,1.4167379,7.0,42.39473684210526,0.885135,1.7528384484057864,1.7528384484057864,1.0
210000,1.4160466,7.0,42.42857142857143,0.87100196,1.5472034540237027,1.5472034540237027,1.0
220000,1.4140567,7.0,40.625,0.9798795,2.494316655397415,2.494316655397415,1.0
230000,1.4140286,7.0,38.79761904761905,0.9994674,2.081699996948242,2.081699996948242,1.0
240000,1.4139098,7.0,32.292929292929294,1.1437832,3.3659436877705895,3.3659436877705895,1.0
250000,1.4136095,8.0,24.83076923076923,1.2916425,3.9451907037459697,3.9451907037459697,1.0
260000,1.4109157,9.0,26.808333333333334,1.2084535,2.8800166361033916,2.8800166361033916,1.0
270000,1.4107122,9.0,32.36363636363637,1.2902768,2.4265217446164544,2.4265217446164544,1.0
280000,1.404251,9.0,30.761904761904763,1.4129515,2.652803177303738,2.652803177303738,1.0
290000,1.4042509,9.0,30.75925925925926,1.5514654,2.9839618008607514,2.9839618008607514,1.0
300000,1.4075775,9.0,29.047169811320753,1.7090315,3.09131828371111,3.09131828371111,1.0
310000,1.4075775,9.0,29.513761467889907,1.6180229,2.6768527465638208,2.6768527465638208,1.0
320000,1.3993075,9.0,28.821428571428573,1.8834951,3.1742589002741233,3.1742589002741233,1.0
330000,1.3983743,9.0,25.1015625,1.9122443,3.512007812168691,3.512007812168691,1.0
340000,1.3964609,11.0,18.50877192982456,1.8521305,3.63690782651013,3.63690782651013,1.0
350000,1.396263,11.0,26.188524590163933,1.7325219,2.2486856316890176,2.2486856316890176,1.0
360000,1.3925447,11.0,25.62992125984252,2.0295854,2.912439141599905,2.912439141599905,1.0
370000,1.3917254,11.0,24.984251968503937,2.199351,3.090770217752955,3.090770217752955,1.0
380000,1.390252,11.0,24.68217054263566,2.1982338,3.0736863391718092,3.0736863391718092,1.0
390000,1.3897879,11.0,23.282608695652176,2.2876332,3.1617409039929183,3.1617409039929183,1.0
400000,1.3868146,11.0,23.272058823529413,2.3527145,3.4058564473895263,3.4058564473895263,1.0
410000,1.3855704,11.0,22.68794326241135,2.3022618,3.177374371737948,3.177374371737948,1.0
420000,1.3822527,12.0,18.67058823529412,2.1909757,3.245294077767461,3.245294077767461,1.0
430000,1.3796651,12.0,25.070866141732285,2.3846533,2.834767584000804,2.834767584000804,1.0
440000,1.37772,12.0,23.53676470588235,2.3136587,2.8299311665264337,2.8299311665264337,1.0
450000,1.3763517,12.0,25.165354330708663,2.3361108,2.524098673811207,2.524098673811207,1.0
460000,1.3736587,12.0,23.152173913043477,2.4544504,3.0698980397174083,3.0698980397174083,1.0
470000,1.3714777,12.0,22.09027777777778,2.4998178,3.0391820027119554,3.0391820027119554,1.0
480000,1.3708115,13.0,19.746913580246915,2.195217,2.6998736948067976,2.6998736948067976,1.0
490000,1.3694305,13.0,24.244274809160306,2.089873,2.0374111482485904,2.0374111482485904,1.0
500000,1.3689839,13.0,25.023076923076925,2.2019715,2.4698217163098257,2.4698217163098257,1.0
510000,1.3681715,13.0,27.11111111111111,2.0496209,1.9344999633645743,1.9344999633645743,1.0
520000,1.3673227,13.0,23.386861313868614,2.3422036,3.0339706984235018,3.0339706984235018,1.0
530000,1.3655256,13.0,24.213740458015266,1.9921769,2.263717866064019,2.263717866064019,1.0
540000,1.3645371,13.0,26.130081300813007,1.8537118,1.9722303173487103,1.9722303173487103,1.0
550000,1.361827,13.0,21.564625850340136,2.2127619,2.938443679664586,2.938443679664586,1.0
560000,1.3616066,13.0,25.03875968992248,1.9011171,2.054196871083635,2.054196871083635,1.0
570000,1.3602695,13.0,21.45578231292517,2.3431149,3.2368212518918567,3.2368212518918567,1.0
580000,1.3598088,13.0,22.93617021276596,2.056663,2.6975523726571176,2.6975523726571176,1.0
590000,1.3568281,13.0,20.24516129032258,2.455075,3.330952994262752,3.330952994262752,1.0
600000,1.3566589,13.0,21.246666666666666,2.2085454,2.7886422023508284,2.7886422023508284,1.0
610000,1.355085,13.0,20.94078947368421,2.1808484,2.8125572765845033,2.8125572765845033,1.0
620000,1.3550619,13.0,21.324675324675326,2.3221512,3.0813061638616257,3.0813061638616257,1.0
630000,1.352342,14.0,19.037037037037038,2.1204023,3.145580780103894,3.145580780103894,1.0
640000,1.3523419,14.0,25.846774193548388,1.6557575,1.6541458844980448,1.6541458844980448,1.0
650000,1.3485094,14.0,25.555555555555557,1.5870848,1.619464370616193,1.619464370616193,1.0
660000,1.3482229,14.0,24.666666666666668,1.8687673,2.344031073249529,2.344031073249529,1.0
670000,1.3447875,14.0,25.879032258064516,1.5277934,1.6669704850373575,1.6669704850373575,1.0
680000,1.3438097,14.0,24.753846153846155,1.9026593,2.4149487221470247,2.4149487221470247,1.0
690000,1.3448621,14.0,22.3943661971831,1.7200505,2.212379367276154,2.212379367276154,1.0
700000,1.3451647,14.0,23.233576642335766,1.4145557,1.7856204354922556,1.7856204354922556,1.0
710000,1.3406633,14.0,25.046153846153846,1.4560462,1.8421030675022643,1.8421030675022643,1.0
720000,1.3393325,14.0,22.905797101449274,1.6339207,2.1875121737580474,2.1875121737580474,1.0
730000,1.3376281,14.0,23.555555555555557,1.6603079,2.345172750253747,2.345172750253747,1.0
740000,1.336901,14.0,26.90909090909091,1.3389457,1.5506454238105678,1.5506454238105678,1.0
750000,1.3361093,14.0,21.95138888888889,1.5225983,2.3225034548283725,2.3225034548283725,1.0
760000,1.3356215,14.0,24.8062015503876,1.3933165,1.9966580104372353,1.9966580104372353,1.0
770000,1.3343312,14.0,22.91304347826087,1.4946468,2.004690650555727,2.004690650555727,1.0
780000,1.3334059,14.0,24.31297709923664,1.4642111,2.146384795840028,2.146384795840028,1.0
790000,1.3319811,14.0,21.45945945945946,1.5940835,2.506529292511242,2.506529292511242,1.0
800000,1.3307164,14.0,24.770992366412212,1.476003,2.3277033148214334,2.3277033148214334,1.0
810000,1.330597,14.0,21.648275862068967,1.5173415,2.525533154368128,2.525533154368128,1.0
820000,1.330476,14.0,23.696296296296296,1.4837842,2.537562985883819,2.537562985883819,1.0
830000,1.3309277,14.0,22.907801418439718,1.5291713,2.54280142001273,2.54280142001273,1.0
840000,1.3317329,14.0,20.789473684210527,1.8155929,3.10709412591593,3.10709412591593,1.0
850000,1.3305103,14.0,23.485294117647058,1.650695,2.4777753535604132,2.4777753535604132,1.0
860000,1.3274733,14.0,23.308823529411764,1.7413733,2.6085378608887235,2.6085378608887235,1.0
870000,1.3268863,14.0,21.286666666666665,1.7318884,2.770522209405899,2.770522209405899,1.0
880000,1.3247484,14.0,19.71604938271605,1.5698888,2.5764421453345414,2.5764421453345414,1.0
890000,1.3248378,14.0,20.29032258064516,1.9708205,3.165289089303041,3.165289089303041,1.0
900000,1.3254535,14.0,23.610294117647058,1.5644385,1.9722186756441575,1.9722186756441575,1.0
910000,1.3251058,14.0,21.779310344827586,1.5709194,2.3512465823016484,2.3512465823016484,1.0
920000,1.3222443,14.0,21.40268456375839,1.8203394,2.8950825791273798,2.8950825791273798,1.0
930000,1.3221822,14.0,19.595092024539877,1.7734259,2.791477290959644,2.791477290959644,1.0
940000,1.3209884,14.0,20.365384615384617,1.8841839,2.9717161341700504,2.9717161341700504,1.0
950000,1.3209884,14.0,20.4472049689441,2.0038486,3.082092464971943,3.082092464971943,1.0
960000,1.3152602,14.0,21.6056338028169,1.6758832,2.4569818264381453,2.4569818264381453,1.0
970000,1.3152602,14.0,19.3375,1.7203532,2.589101027151973,2.589101027151973,1.0
980000,1.3148738,14.0,20.649350649350648,1.8334653,2.5304350790716867,2.5304350790716867,1.0
990000,1.3148309,14.0,22.74468085106383,1.7413565,2.349584491057715,2.349584491057715,1.0
1000000,1.3144566,14.0,20.18471337579618,1.8016057,2.5488974233595734,2.5488974233595734,1.0
1010000,1.3143666,14.0,20.108974358974358,2.0907817,3.1504820602892822,3.1504820602892822,1.0
1020000,1.3114061,15.0,15.517412935323383,1.8733176,2.945665019991571,2.945665019991571,1.0
1030000,1.3106678,15.0,19.89375,1.8359265,2.8090755036354564,2.8090755036354564,1.0
1040000,1.3090469,15.0,19.974683544303797,2.1580937,3.1102291464805605,3.1102291464805605,1.0
1050000,1.3083992,15.0,18.497076023391813,2.1556346,3.013802343538421,3.013802343538421,1.0
1060000,1.3079301,15.0,19.825,1.9981685,2.910418747582783,2.910418747582783,1.0
1070000,1.3076828,15.0,20.483870967741936,2.1013854,3.010725906114762,3.010725906114762,1.0
1080000,1.3076415,15.0,18.155172413793103,2.1385565,2.909852230903512,2.909852230903512,1.0
1090000,1.3076191,16.0,15.873737373737374,2.2481852,3.3292462025183247,3.3292462025183247,1.0
1100000,1.3072286,16.0,16.61904761904762,2.122954,3.15398409641463,3.15398409641463,1.0
1110000,1.3069496,17.0,17.005464480874316,2.138943,3.1896317720830116,3.1896317720830116,1.0
1120000,1.3074714,17.0,15.475247524752476,1.9924678,2.8281510712162934,2.8281510712162934,1.0
1130000,1.3080742,17.0,17.572222222222223,2.174115,2.7642856993900824,2.7642856993900824,1.0
1140000,1.3074656,17.0,19.176829268292682,2.1160052,2.5145604799111045,2.5145604799111045,1.0
1150000,1.3066313,17.0,18.372093023255815,2.4612527,3.478499975430873,3.478499975430873,1.0
1160000,1.3055489,17.0,17.5,2.1841838,3.0170495328689935,3.0170495328689935,1.0
1170000,1.3036983,17.0,18.04093567251462,2.2838855,2.9486602659188854,2.9486602659188854,1.0
1180000,1.3034562,17.0,17.65921787709497,2.322054,3.2514775851324424,3.2514775851324424,1.0
1190000,1.3028749,17.0,17.836158192090394,2.044194,2.677405635647054,2.677405635647054,1.0
1200000,1.3022925,17.0,15.72361809045226,2.1027644,2.975347217676138,2.975347217676138,1.0
1210000,1.3003366,17.0,17.869318181818183,2.1778233,2.7116622531470265,2.7116622531470265,1.0
1220000,1.3005192,19.0,13.81858407079646,2.2447724,3.430373698516998,3.430373698516998,1.0
1230000,1.3010594,19.0,17.252747252747252,1.9261682,2.3084725911056037,2.3084725911056037,1.0
1240000,1.3008267,19.0,16.972972972972972,1.8855939,2.194783744377059,2.194783744377059,1.0
1250000,1.2985535,19.0,18.412790697674417,1.6595736,1.9376841822591906,1.9376841822591906,1.0
1260000,1.2985313,19.0,15.6010101010101,2.1750925,3.0286495664395576,3.0286495664395576,1.0
1270000,1.2971165,19.0,16.203125,2.3380597,3.1527345690570057,3.1527345690570057,1.0
1280000,1.2971165,19.0,16.424870466321245,1.8891916,2.407771997887236,2.407771997887236,1.0
1290000,1.2927731,19.0,17.11049723756906,2.147559,2.884559606289098,2.884559606289098,1.0
1300000,1.2925663,19.0,16.594736842105263,2.3756175,3.0547165004142993,3.0547165004142993,1.0
1310000,1.2925903,20.0,14.122727272727273,2.122292,2.8508489225341114,2.8508489225341114,1.0
1320000,1.2925931,20.0,15.85427135678392,2.081229,2.55552788696515,2.55552788696515,1.0
1330000,1.2897295,20.0,15.757575757575758,2.0974338,2.827784260205401,2.827784260205401,1.0
1340000,1.2890986,20.0,16.612565445026178,2.0827863,2.924697688271689,2.924697688271689,1.0
1350000,1.2884109,20.0,16.433862433862434,2.1750026,2.7854362697345425,2.7854362697345425,1.0
1360000,1.2881672,20.0,16.403141361256544,2.258884,3.189720460524162,3.189720460524162,1.0
1370000,1.2853855,20.0,15.416666666666666,2.238088,2.9987590069653556,2.9987590069653556,1.0
1380000,1.2842171,20.0,16.76086956521739,2.1753557,2.977699445243041,2.977699445243041,1.0
1390000,1.283354,20.0,15.388059701492537,2.2372966,3.077938811493314,3.077938811493314,1.0
1400000,1.2828845,20.0,18.32369942196532,2.2064977,2.7087393730993896,2.7087393730993896,1.0
1410000,1.2823656,20.0,15.833333333333334,1.98883,2.610591813845902,2.610591813845902,1.0
1420000,1.2820145,20.0,15.711442786069652,2.4798548,3.37382398692793,3.37382398692793,1.0
1430000,1.2797029,20.0,14.25925925925926,2.21984,3.109707211470016,3.109707211470016,1.0
1440000,1.2777766,20.0,14.5,2.3121939,3.222148810962374,3.222148810962374,1.0
1450000,1.2761111,20.0,15.106796116504855,2.1210067,2.7157439663410186,2.7157439663410186,1.0
1460000,1.2742531,20.0,15.29611650485437,2.0511198,2.5056449176943847,2.5056449176943847,1.0
1470000,1.2735668,20.0,15.310344827586206,2.285145,2.8901575962066257,2.8901575962066257,1.0
1480000,1.2726008,20.0,15.918367346938776,2.0974596,2.7385422094548875,2.7385422094548875,1.0
1490000,1.2715613,20.0,14.38139534883721,2.3215973,3.0608461339657125,3.0608461339657125,1.0
1500000,1.2697084,20.0,14.44392523364486,2.2225957,3.1424844813858948,3.1424844813858948,1.0
1510000,1.2690736,20.0,13.932735426008968,2.293333,3.1410477967607067,3.1410477967607067,1.0
1520000,1.2676132,20.0,14.551401869158878,2.06357,2.638200600343303,2.638200600343303,1.0
1530000,1.267193,20.0,14.488372093023257,2.6024563,3.4081844572411026,3.4081844572411026,1.0
1540000,1.2658657,21.0,12.626016260162602,2.2439866,2.8713047268337943,2.8713047268337943,1.0
1550000,1.2659123,21.0,14.52803738317757,2.251727,2.8589299814558324,2.8589299814558324,1.0
1560000,1.2661507,21.0,14.122727272727273,2.3724937,3.134333283872576,3.134333283872576,1.0
1570000,1.2660472,21.0,14.451162790697675,2.2019148,2.881094406518924,2.881094406518924,1.0
1580000,1.2652973,21.0,14.444444444444445,2.3876784,2.995860865256149,2.995860865256149,1.0
1590000,1.2652584,21.0,14.595348837209302,2.2661688,2.8451135189129073,2.8451135189129073,1.0
1600000,1.2646674,21.0,13.746666666666666,2.3781164,3.1869688999987917,3.1869688999987917,1.0
1610000,1.2646674,21.0,13.171034482758621,2.532696,3.3151311397300285,3.3151311397300285,1.0
1620000,1.261739,22.0,13.157205240174672,2.3249245,3.078864854286196,3.078864854286196,1.0
1630000,1.261739,22.0,15.366336633663366,2.4541438,3.1911954165281613,3.1911954165281613,1.0
1640000,1.2599006,22.0,13.426724137931034,2.5393462,3.266568947583437,3.266568947583437,1.0
1650000,1.2596824,23.0,11.469924812030076,2.5694299,3.471907467069104,3.471907467069104,1.0
1660000,1.2593557,24.0,12.23228346456693,2.341277,3.022922327604733,3.022922327604733,1.0
1670000,1.2592906,24.0,12.687242798353909,2.4599795,3.0405843415398492,3.0405843415398492,1.0
1680000,1.2588071,25.0,12.694214876033058,2.3308027,2.9442338170137825,2.9442338170137825,1.0
1690000,1.2586938,25.0,12.95397489539749,2.3750646,3.057899560036353,3.057899560036353,1.0
1700000,1.258587,25.0,12.508064516129032,2.2052493,2.542670225150682,2.542670225150682,1.0
1710000,1.2585447,25.0,13.136170212765958,2.3301363,2.761872848201185,2.761872848201185,1.0
1720000,1.2570348,25.0,12.983193277310924,2.1618078,2.537062984288615,2.537062984288615,1.0
1730000,1.2563401,26.0,11.731517509727626,2.3477461,2.978920589006779,2.978920589006779,1.0
1740000,1.2551489,26.0,12.94979079497908,2.110823,2.431734961466643,2.431734961466643,1.0
1750000,1.2543831,26.0,13.604347826086956,2.1809182,2.516743371541724,2.516743371541724,1.0
1760000,1.252767,26.0,13.741071428571429,2.1275835,2.620296615489079,2.620296615489079,1.0
1770000,1.2514565,26.0,13.762114537444933,2.2765174,2.789911593608174,2.789911593608174,1.0
1780000,1.2507197,26.0,14.389908256880734,1.9586633,2.3325971954812608,2.3325971954812608,1.0
1790000,1.2499354,27.0,12.238866396761134,1.9124757,2.58509559274353,2.58509559274353,1.0
1800000,1.2498035,27.0,12.941666666666666,1.9836912,2.50773332323879,2.50773332323879,1.0
1810000,1.2495873,27.0,12.92436974789916,2.403862,3.163311520013673,3.163311520013673,1.0
1820000,1.2484225,27.0,13.817777777777778,2.1287165,2.687894772644396,2.687894772644396,1.0
1830000,1.2464324,27.0,13.379310344827585,1.9535539,2.659601408886395,2.659601408886395,1.0
1840000,1.246004,27.0,14.560747663551401,2.054959,2.535416783848966,2.535416783848966,1.0
1850000,1.2448609,27.0,13.0,2.3116164,3.0832478802139853,3.0832478802139853,1.0
1860000,1.2445004,27.0,12.472,2.0822449,2.589645235314267,2.589645235314267,1.0
1870000,1.2432501,27.0,12.940677966101696,2.336856,3.0582660788184954,3.0582660788184954,1.0
1880000,1.2429286,27.0,11.732824427480915,2.403397,3.198033056281147,3.198033056281147,1.0
1890000,1.2414551,28.0,11.486891385767791,2.2964005,3.052280693041875,3.052280693041875,1.0
1900000,1.2410527,28.0,12.0546875,2.3051052,3.025516214728433,3.025516214728433,1.0
1910000,1.2381356,29.0,11.816793893129772,1.9657828,2.4115915668242,2.4115915668242,1.0
1920000,1.2380754,29.0,12.577868852459016,1.9675394,2.479627849335035,2.479627849335035,1.0
1930000,1.2373284,29.0,12.878151260504202,2.0395997,2.512613970520613,2.512613970520613,1.0
1940000,1.2373283,29.0,11.721804511278195,2.117699,2.757704573242789,2.757704573242789,1.0
1950000,1.2335298,29.0,12.402439024390244,2.392823,3.086514505868157,3.086514505868157,1.0
1960000,1.2335298,29.0,12.512295081967213,1.8159944,2.311229274940539,2.311229274940539,1.0
1970000,1.2308531,29.0,12.062745098039215,2.2442582,2.882202062624685,2.882202062624685,1.0
1980000,1.2306406,29.0,13.211206896551724,2.15184,2.6758212746669217,2.6758212746669217,1.0
1990000,1.2281784,29.0,12.01953125,2.280146,2.9447281853197764,2.9447281853197764,1.0
2000000,1.2277539,29.0,12.04296875,2.0002108,2.5822464061568273,2.5822464061568273,1.0
2010000,1.227184,29.0,11.88671875,2.0821867,2.585254796376713,2.585254796376713,1.0
2020000,1.2270334,29.0,12.216535433070867,2.2038667,2.8667258155464337,2.8667258155464337,1.0
2030000,1.224573,29.0,11.9453125,2.4393528,3.0615568302032714,3.0615568302032714,1.0
2040000,1.2237599,29.0,12.577235772357724,2.0431337,2.4966368434450974,2.4966368434450974,1.0
2050000,1.222943,30.0,11.102189781021897,2.3968804,3.2727014415183113,3.2727014415183113,1.0
2060000,1.2225974,30.0,11.394833948339484,2.2920732,2.9670992369576363,2.9670992369576363,1.0
2070000,1.2218149,30.0,12.039525691699605,2.1999683,2.721133937683775,2.721133937683775,1.0
2080000,1.2213733,30.0,11.86046511627907,2.1446571,2.604109117620181,2.604109117620181,1.0
2090000,1.2204053,30.0,11.775665399239545,2.4878774,3.170386445233408,3.170386445233408,1.0
2100000,1.2195683,30.0,11.787644787644787,2.3534029,3.055811765442737,3.055811765442737,1.0
2110000,1.2188128,30.0,11.653992395437262,2.6141753,3.556592404370821,3.556592404370821,1.0
2120000,1.2180578,30.0,12.234126984126984,1.9084977,2.3565409870118534,2.3565409870118534,1.0
2130000,1.2178204,30.0,12.118110236220472,2.3229268,2.9785013086508707,2.9785013086508707,1.0
2140000,1.21752,30.0,12.459677419354838,2.2783842,2.7683266133510616,2.7683266133510616,1.0
2150000,1.217219,30.0,11.8715953307393,2.197237,2.8962735206273296,2.8962735206273296,1.0
2160000,1.2167045,30.0,11.811538461538461,2.3785121,3.043035872442982,3.043035872442982,1.0
2170000,1.215991,31.0,10.682926829268293,1.9913869,2.499043050836837,2.499043050836837,1.0
2180000,1.2139251,31.0,11.594696969696969,2.2428613,2.9386903379433953,2.9386903379433953,1.0
2190000,1.2135665,31.0,10.917857142857143,2.1434233,2.871067757998437,2.871067757998437,1.0
2200000,1.2125703,31.0,11.264705882352942,2.1485436,2.8971182634009094,2.8971182634009094,1.0
2210000,1.2123154,31.0,11.764478764478765,2.2355387,2.6435236799579576,2.6435236799579576,1.0
2220000,1.2109133,32.0,11.087272727272728,2.222704,2.8330495222449157,2.8330495222449157,1.0
2230000,1.2108289,32.0,11.251824817518248,2.4570212,3.0556297157227483,3.0556297157227483,1.0
2240000,1.2102058,32.0,11.244444444444444,1.999229,2.502029542898383,2.502029542898383,1.0
2250000,1.2102286,32.0,11.087272727272728,2.2366152,2.6940981721426502,2.6940981721426502,1.0
2260000,1.2104604,32.0,11.826923076923077,2.1656544,2.743818410777051,2.743818410777051,1.0
2270000,1.2104604,32.0,10.989247311827956,2.2686288,3.0784301082542433,3.0784301082542433,1.0
2280000,1.2087649,32.0,12.007843137254902,2.0355105,2.431022138326311,2.431022138326311,1.0
2290000,1.2087649,32.0,11.171532846715328,2.3834743,3.159614064142976,3.159614064142976,1.0
2300000,1.2064466,33.0,10.740350877192983,2.2405143,2.929126736423779,2.929126736423779,1.0
2310000,1.2062786,33.0,11.713740458015268,2.0413258,2.5077503035592423,2.5077503035592423,1.0
2320000,1.2059262,33.0,11.568181818181818,2.3140848,2.8291578897249354,2.8291578897249354,1.0
2330000,1.2058736,33.0,11.511194029850746,2.1854806,2.6777742945419583,2.6777742945419583,1.0
2340000,1.2041906,33.0,11.796153846153846,2.225413,2.690965279402896,2.690965279402896,1.0
2350000,1.2037699,33.0,11.515037593984962,2.2707002,2.7519149723649026,2.7519149723649026,1.0
2360000,1.2021289,33.0,11.324723247232471,2.384165,3.101978014968108,3.101978014968108,1.0
2370000,1.2016039,33.0,10.97463768115942,2.2936907,3.030670657968865,3.030670657968865,1.0
2380000,1.200435,33.0,11.558490566037737,2.2337198,2.672062957748508,2.672062957748508,1.0
2390000,1.199948,33.0,10.938628158844764,2.1794333,2.736116169366294,2.736116169366294,1.0
2400000,1.1993346,33.0,11.526315789473685,2.1772735,2.7927094801071277,2.7927094801071277,1.0
2410000,1.1989459,33.0,11.15018315018315,2.158677,2.697001191230432,2.697001191230432,1.0
2420000,1.1987039,33.0,10.989169675090253,2.3740206,3.167688688675228,3.167688688675228,1.0
2430000,1.1985303,33.0,11.33210332103321,2.3935277,2.977345661809783,2.977345661809783,1.0
2440000,1.1981952,33.0,11.098181818181818,2.160176,2.8381807199421236,2.8381807199421236,1.0
2450000,1.1979144,33.0,11.422053231939163,2.3870258,3.0297584937990836,3.0297584937990836,1.0
2460000,1.1971436,33.0,10.930909090909092,2.457505,3.1084461703878503,3.1084461703878503,1.0
2470000,1.1963246,33.0,11.65019011406844,2.2893956,2.79438986310476,2.79438986310476,1.0
2480000,1.1955326,34.0,10.043189368770765,2.388386,3.0792557880068823,3.0792557880068823,1.0
2490000,1.1946524,34.0,11.171532846715328,2.2993813,3.0046097560263263,3.0046097560263263,1.0
2500000,1.1944078,34.0,11.204379562043796,2.2155502,2.8188889929979313,2.8188889929979313,1.0
2510000,1.1939795,34.0,10.967625899280575,2.3886297,2.953210011515811,2.953210011515811,1.0
2520000,1.1938001,34.0,11.287822878228782,2.4029217,2.9957549209371575,2.9957549209371575,1.0
2530000,1.1933415,34.0,11.311111111111112,2.2618904,2.8495049347064176,2.8495049347064176,1.0
2540000,1.1931322,34.0,11.297794117647058,2.1270669,2.5741414598396637,2.5741414598396637,1.0
2550000,1.1922424,34.0,11.144927536231885,2.2410557,2.751932032695673,2.751932032695673,1.0
2560000,1.1922472,34.0,11.332089552238806,2.047472,2.6271911234618996,2.6271911234618996,1.0
2570000,1.1922816,34.0,11.053763440860216,2.2416618,2.8675450133103855,2.8675450133103855,1.0
2580000,1.1922382,34.0,10.860714285714286,2.2029316,2.7896061891352044,2.7896061891352044,1.0
2590000,1.1917174,34.0,11.423220973782772,2.2179928,2.830563264249572,2.830563264249572,1.0
2600000,1.1917056,34.0,11.399253731343284,2.1824214,2.608464112855715,2.608464112855715,1.0
2610000,1.1909189,34.0,11.776923076923078,2.0307782,2.418189481988301,2.418189481988301,1.0
2620000,1.1909189,34.0,10.889285714285714,2.2720923,2.9094197331140355,2.9094197331140355,1.0
2630000,1.1900219,34.0,10.897163120567376,2.2126362,2.904740211422404,2.904740211422404,1.0
2640000,1.189964,34.0,11.02909090909091,2.194439,2.9490168726677637,2.9490168726677637,1.0
2650000,1.1891998,34.0,10.932142857142857,2.0361362,2.633996406238495,2.633996406238495,1.0
2660000,1.1890962,34.0,10.70979020979021,2.1483426,2.845259639890919,2.845259639890919,1.0
2670000,1.1880085,35.0,10.268707482993197,2.155185,2.9727912378966743,2.9727912378966743,1.0
2680000,1.1877767,35.0,11.014492753623188,2.1669958,2.7270735699786783,2.7270735699786783,1.0
2690000,1.1872344,35.0,11.441947565543071,2.1004431,2.5455111853259416,2.5455111853259416,1.0
2700000,1.1870463,35.0,10.426116838487973,2.3755226,3.248003424032329,3.248003424032329,1.0
2710000,1.1864091,35.0,11.872586872586872,1.9600312,2.2297438753042442,2.2297438753042442,1.0
2720000,1.1860904,35.0,11.522556390977444,2.1693475,2.6761666255487238,2.6761666255487238,1.0
2730000,1.1857897,35.0,10.88967971530249,2.1663861,2.7855303140089145,2.7855303140089145,1.0
2740000,1.1856325,35.0,11.8,2.0525863,2.567262142515548,2.567262142515548,1.0
2750000,1.1853666,35.0,10.780918727915195,2.2180839,2.86990683705915,2.86990683705915,1.0
2760000,1.1851844,35.0,11.242647058823529,2.254111,2.9729290172330023,2.9729290172330023,1.0
2770000,1.1852113,35.0,10.807017543859649,2.0402908,2.7195870346181534,2.7195870346181534,1.0
2780000,1.1852323,35.0,10.44636678200692,2.050156,2.5805979287433187,2.5805979287433187,1.0
2790000,1.1849011,36.0,9.72258064516129,1.980315,2.767599990098707,2.767599990098707,1.0
2800000,1.184603,36.0,11.708333333333334,2.1539252,2.705740480960783,2.705740480960783,1.0
2810000,1.1843773,36.0,10.942652329749103,2.1731563,2.9042362556270453,2.9042362556270453,1.0
2820000,1.1839983,36.0,10.456445993031359,2.3635054,3.0180622728792854,3.0180622728792854,1.0
2830000,1.1838591,36.0,10.565972222222221,1.9958259,2.509057852241245,2.509057852241245,1.0
2840000,1.1836041,36.0,10.996376811594203,2.105779,2.7163584944155574,2.7163584944155574,1.0
2850000,1.1834698,36.0,11.172161172161172,2.1246965,2.7077311414255423,2.7077311414255423,1.0
2860000,1.1830384,36.0,10.62020905923345,1.9897658,2.744131202351964,2.744131202351964,1.0
2870000,1.1829792,36.0,11.138686131386862,2.1372497,2.70346236923818,2.70346236923818,1.0
2880000,1.1827822,36.0,11.306273062730627,2.3591926,3.0977972938841627,3.0977972938841627,1.0
2890000,1.1827403,36.0,11.046931407942239,2.0992212,2.7560204842787313,2.7560204842787313,1.0
2900000,1.1825353,36.0,10.657342657342657,2.202644,2.919452838856636,2.919452838856636,1.0
2910000,1.1825165,36.0,10.334470989761092,2.2086306,2.962308739616444,2.962308739616444,1.0
2920000,1.1823547,37.0,10.597222222222221,2.208918,2.9056090109931896,2.9056090109931896,1.0
2930000,1.1823555,37.0,10.414383561643836,2.0341363,2.5945228016403714,2.5945228016403714,1.0
2940000,1.1823814,37.0,11.5,2.0665443,2.5499762653485964,2.5499762653485964,1.0
2950000,1.1823815,37.0,10.935483870967742,1.8555456,2.3028603613038765,2.3028603613038765,1.0
2960000,1.1823566,37.0,10.431034482758621,1.9203969,2.6206928824231914,2.6206928824231914,1.0
2970000,1.1823561,37.0,10.666666666666666,2.2763453,3.018317371311238,3.018317371311238,1.0
2980000,1.1822889,37.0,10.89051094890511,2.1060712,2.7625266454897406,2.7625266454897406,1.0
2990000,1.1822822,37.0,10.396610169491526,2.0644598,2.73639724019251,2.73639724019251,1.0
3000000,1.1822644,37.0,10.03,2.143211,2.953199297478495,2.953199297478495,1.0
